CHAINAGE,DUNE_ELEVATION,DUNE_SLOPE,A,TRANSITION_SLOPE,OFFSHORE_SLOPE,OFFSHORE_ELEVATION,KE,KA,HBMIN,DESCRIPTION
01000.00 ,00004.00 ,00000.10 ,0.15000000 ,0.05000000 ,0.01000000 ,-0020.00 ,0.00000450 ,0.00000001 ,00000.60 ,middle
03000.00 ,00004.00 ,00000.10 ,0.15000000 ,0.05000000 ,0.01000000 ,-0020.00 ,0.00000450 ,0.00000001 ,00000.60 ,middle
